variable,count,mean,std,min,25%,50%,75%,max,original
dummy1,1000.0,-0.0003084217850820103,0.010213479368473007,-0.0313598531715024,-0.0074687609636543,-0.00014258964645725,0.006947903363684525,0.0329229519113809,0.0216586095118813
dummy2,1000.0,-0.0005534833986643184,0.010595153789488316,-0.0340770510203376,-0.0077058264795520255,-0.0003491733774314,0.006495255078228375,0.0357043233031717,-0.0029747219412286
x1,1000.0,-0.16155343603093833,3.090431789063115,-9.846335310250184,-2.2924735447345768,-0.1817383672366543,1.913128995891637,28.205545616799338,28.205545616799338
x2,1000.0,-0.024149615157866833,7.751569813874364,-23.32547590500543,-5.174655945790365,-0.0839457877764293,4.661222066214003,75.05206699583537,75.05206699583537
x3,1000.0,0.05609363008464786,1.9263852157929875,-6.1945821255281,-1.2215334453287872,0.10911868588163526,1.2843482958965036,17.74841204458912,17.74841204458912
